c_i, \alpha =  0.10E-08| c_i, \alpha =  0.10E-09| c_i, \alpha =  0.10E-10| c_i, \alpha =  0.10E-11| c_i, \alpha =  0.10E-12| c_i, \alpha =  0.10E-13
  0.384071412530E+00|  0.385612762279E+00|  0.386136379463E+00|  0.386204010292E+00|  0.386228611237E+00|  0.386272720726E+00
  0.312113903081E+00|  0.331799924664E+00|  0.338517222319E+00|  0.339400459326E+00|  0.339833630386E+00|  0.340684616326E+00
 -0.140023313063E+00| -0.757955947628E-01| -0.537611544480E-01| -0.506964031697E-01| -0.479995034160E-01| -0.421130768634E-01
  0.306472727244E-01| -0.680070290168E-02| -0.195573876575E-01| -0.204755268620E-01| -0.154758296605E-01| -0.296794591178E-02
 -0.463614488724E-02|  0.779721017626E-02|  0.120048731815E-01|  0.120351796145E-01|  0.829147754105E-02| -0.924544103554E-03
  0.472344551109E-03| -0.270953588637E-02| -0.377943898900E-02| -0.371839832083E-02| -0.224449127167E-02|  0.129101666747E-02
 -0.890549430978E-05|  0.689057849667E-03|  0.922214708678E-03|  0.893441456693E-03|  0.459542153920E-03| -0.593655449417E-03
 -0.111431788791E-04| -0.151156730167E-03| -0.197529375787E-03| -0.187858859405E-03| -0.684380146269E-04|  0.347886625504E-03
  0.355617783725E-05|  0.286047001036E-04|  0.367828227574E-04|  0.339583550381E-04| -0.531125022633E-06| -0.182255164068E-03
