y, alpha =  0.59-322| c_i, alpha =  0.10E-01| c_i, alpha =  0.10E-03| c_i, alpha =  0.10E-05| c_i, alpha =  0.10E-07| c_i, alpha =  0.10E-09| c_i, alpha =  0.10E-11| c_i, alpha =  0.10E-13| c_i, alpha =  0.10E-15
  0.258350475364E-01| -0.314872107466E+00| -0.278185580198E+00| -0.277861836506E+00| -0.277858602853E+00| -0.277858570272E+00| -0.277858596225E+00| -0.277833373413E+00| -0.286331750533E+00
 -0.176255461206E-01|  0.214816436641E+00|  0.189787642811E+00|  0.189566773881E+00|  0.189564568008E+00|  0.189564564107E+00|  0.189565651417E+00|  0.189740913802E+00|  0.169684299837E+00
  0.603267924058E-02| -0.735250215224E-01| -0.649584395895E-01| -0.648828429813E-01| -0.648820874179E-01| -0.648820106456E-01| -0.648774304884E-01| -0.646291896684E-01|  0.122034282656E-01
 -0.165371803434E-02|  0.201551664224E-01|  0.178068381805E-01|  0.177861151331E-01|  0.177859075668E-01|  0.177858391715E-01|  0.177804823703E-01|  0.174956680604E-01| -0.124607589472E-01
  0.404967819958E-03| -0.493566233026E-02| -0.436059611647E-02| -0.435552138731E-02| -0.435547025207E-02| -0.435545602819E-02| -0.435082591737E-02| -0.425869034108E-02|  0.260627055345E-01
 -0.926039731649E-04|  0.112863768294E-02|  0.997137317616E-03|  0.995976870707E-03|  0.995964541444E-03|  0.995900886756E-03|  0.987648498232E-03|  0.170623964049E-03| -0.713506154812E-01
  0.202253066513E-04| -0.246501769368E-03| -0.217781239086E-03| -0.217527789071E-03| -0.217525142425E-03| -0.217507325535E-03| -0.217037582514E-03| -0.163843156226E-04| -0.380232787130E-02
 -0.434539719288E-05|  0.529607839884E-04|  0.467901922168E-04|  0.467357441802E-04|  0.467356236845E-04|  0.467896047545E-04|  0.529135288111E-04|  0.347418588560E-03|  0.648460000712E-01
  0.862910603018E-06| -0.105169723317E-04| -0.929161390095E-05| -0.928080335106E-05| -0.928064996120E-05| -0.930254108300E-05| -0.985668003039E-05|  0.346103838312E-03| -0.119736158385E-01
