y, alpha =  0.19E+00| c_i, alpha =  0.10E-01| c_i, alpha =  0.10E-03| c_i, alpha =  0.10E-05| c_i, alpha =  0.10E-07| c_i, alpha =  0.10E-09| c_i, alpha =  0.10E-11| c_i, alpha =  0.10E-13| c_i, alpha =  0.10E-15
  0.259323614719E-01| -0.313569088651E+00| -0.277269502759E+00| -0.276948899399E+00| -0.276945697125E+00| -0.276945671759E+00| -0.276945656825E+00| -0.276931999912E+00| -0.286846557091E+00
 -0.182307244196E-01|  0.220442386163E+00|  0.194923393315E+00|  0.194698005761E+00|  0.194695754589E+00|  0.194695716693E+00|  0.194696204444E+00|  0.194807548603E+00|  0.167824786701E+00
  0.590810513599E-02| -0.714396621824E-01| -0.631696182039E-01| -0.630965759353E-01| -0.630958456770E-01| -0.630957707618E-01| -0.630937074363E-01| -0.628439507765E-01|  0.180608086317E-01
