c_i, \alpha =  0.10E-08| c_i, \alpha =  0.10E-09| c_i, \alpha =  0.10E-10| c_i, \alpha =  0.10E-11| c_i, \alpha =  0.10E-12| c_i, \alpha =  0.10E-13
  0.384071420926E+00|  0.385612742719E+00|  0.386136313691E+00|  0.386203948765E+00|  0.386228611051E+00|  0.386272768923E+00
  0.312113984644E+00|  0.331799353268E+00|  0.338515963951E+00|  0.339399312962E+00|  0.339833639766E+00|  0.340685339057E+00
 -0.140023307390E+00| -0.758007058395E-01| -0.537694610907E-01| -0.507037388927E-01| -0.479992359262E-01| -0.421106374933E-01
  0.306461389140E-01| -0.681248907610E-02| -0.195715955028E-01| -0.204873645728E-01| -0.154736498225E-01| -0.297564043801E-02
 -0.463450262340E-02|  0.780969928620E-02|  0.120205061632E-01|  0.120486752034E-01|  0.829606138759E-02| -0.914531625949E-03
  0.467901047163E-03| -0.277445462366E-02| -0.386419647991E-02| -0.379751292007E-02| -0.225711485180E-02|  0.159596558655E-02
 -0.104842457655E-04|  0.676653863568E-03|  0.906185467937E-03|  0.877794175415E-03|  0.438008244029E-03| -0.712308266970E-03
