y, alpha =  0.19E+00| c_i, alpha =  0.10E-01| c_i, alpha =  0.10E-03| c_i, alpha =  0.10E-05| c_i, alpha =  0.10E-07| c_i, alpha =  0.10E-09| c_i, alpha =  0.10E-11| c_i, alpha =  0.10E-13| c_i, alpha =  0.10E-15
  0.258363207725E-01| -0.314843131610E+00| -0.278164212631E+00| -0.277840531112E+00| -0.277837298066E+00| -0.277837260869E+00| -0.277837147852E+00| -0.277808597749E+00| -0.279966245682E+00
 -0.176335321177E-01|  0.214883400860E+00|  0.189849693408E+00|  0.189628777724E+00|  0.189626571301E+00|  0.189626565454E+00|  0.189625795272E+00|  0.189678026529E+00|  0.178964624441E+00
  0.604116900202E-02| -0.736180891982E-01| -0.650416533228E-01| -0.649659686009E-01| -0.649652126066E-01| -0.649652230312E-01| -0.649698551964E-01| -0.651626279093E-01| -0.619495299560E-01
 -0.169261697978E-02|  0.206263436355E-01|  0.182233946395E-01|  0.182021892711E-01|  0.182019778290E-01|  0.182019999136E-01|  0.182086952042E-01|  0.188565847118E-01|  0.522267259645E-01
  0.397323222965E-03| -0.484180734870E-02| -0.427774149626E-02| -0.427276378033E-02| -0.427271502504E-02| -0.427278204147E-02| -0.427865843807E-02| -0.528048118288E-02| -0.762526655064E-01
